subject_id	subject_label	predicate_id	object_id	object_label	mapping_justification	mapping_date	author_id	source_table	join_path	transformation_expression	confidence	comments	examples
databricks:material_entity.catalog_number	catalog_number	skos:closeMatch	bcdm:museumid	museumid	semapv:ManualMappingCuration	2024-03-23	0000-0001-9254-7318	material_entity	NULL	NULL	1.0	Primary identifier for collection specimens	USNM123456, MCZ12345
databricks:material_entity.catalog_number	catalog_number	skos:closeMatch	bcdm:sampleid	sampleid	semapv:ManualMappingCuration	2024-03-23	0000-0001-9254-7318	material_entity	NULL	NULL	1.0	Sample identifier often matches catalog number	USNM123456, MCZ12345
databricks:dna_extract.dna_extract_id	dna_extract_id	skos:closeMatch	bcdm:fieldid	fieldid	semapv:ManualMappingCuration	2024-03-23	0000-0001-9254-7318	dna_extract	NULL	NULL	0.9	Original field identifier	DNA123, EXT456
databricks:material_entity.material_entity_golden_id	material_entity_golden_id	skos:closeMatch	bcdm:record_id	record_id	semapv:ManualMappingCuration	2024-03-23	0000-0001-9254-7318	material_entity	NULL	NULL	1.0	Unique identifier for the record	1001, 1002
databricks:material_entity.material_entity_golden_id	material_entity_golden_id	skos:closeMatch	bcdm:specimenid	specimenid	semapv:ManualMappingCuration	2024-03-23	0000-0001-9254-7318	material_entity	NULL	NULL	1.0	Numerical ID for specimen	1001, 1002
databricks:material_entity.inserted_ts_utc	inserted_ts_utc	skos:closeMatch	bcdm:processid_minted_date	processid_minted_date	semapv:ManualMappingCuration	2024-03-23	0000-0001-9254-7318	material_entity	NULL	"TO_CHAR(inserted_ts_utc, 'YYYY-MM-DD')"	0.9	Date when record was created	2023-01-15
databricks:consensus_sequence.consensus_sequence_id	consensus_sequence_id	skos:relatedMatch	bcdm:bin_uri	bin_uri	semapv:ManualMappingCuration	2024-03-23	0000-0001-9254-7318	consensus_sequence	NULL	"CONCAT('BOLD:', consensus_sequence_id)"	0.8	BIN URI constructed from sequence ID	BOLD:1234567
databricks:consensus_sequence.inserted_ts_utc	inserted_ts_utc	skos:closeMatch	bcdm:bin_created_date	bin_created_date	semapv:ManualMappingCuration	2024-03-23	0000-0001-9254-7318	consensus_sequence	NULL	"TO_CHAR(inserted_ts_utc, 'YYYY-MM-DD')"	0.8	Date when sequence was added	2023-02-20
databricks:material_entity.collection_code	collection_code	skos:closeMatch	bcdm:collection_code	collection_code	semapv:ManualMappingCuration	2024-03-23	0000-0001-9254-7318	material_entity	NULL	NULL	1.0	Institution collection code	USNM, MCZ
databricks:identification.identified_by	identified_by	skos:closeMatch	bcdm:identified_by	identified_by	semapv:ManualMappingCuration	2024-03-23	0000-0001-9254-7318	identification	NULL	NULL	1.0	Name of identifier	"John Smith, Jane Doe"
databricks:identification.identification_method	identification_method	skos:closeMatch	bcdm:identification_method	identification_method	semapv:ManualMappingCuration	2024-03-23	0000-0001-9254-7318	identification	NULL	NULL	1.0	Method used for identification	"morphology, DNA barcode"
databricks:identification.identification_certainty	identification_certainty	skos:relatedMatch	bcdm:identification_certainty	identification_certainty	semapv:ManualMappingCuration	2024-03-23	0000-0001-9254-7318	identification	NULL	NULL	0.9	Certainty of identification	"verified, tentative"
databricks:identification.verbatim_kingdom	verbatim_kingdom	skos:closeMatch	bcdm:kingdom	kingdom	semapv:ManualMappingCuration	2024-03-23	0000-0001-9254-7318	identification	NULL	NULL	1.0	Taxonomic kingdom	Animalia, Plantae
databricks:identification.verbatim_taxon_rank	verbatim_taxon_rank	skos:closeMatch	bcdm:taxon_rank	taxon_rank	semapv:ManualMappingCuration	2024-03-23	0000-0001-9254-7318	identification	NULL	NULL	1.0	Taxonomic rank of identification	species, genus
databricks:complex_taxon	complex_taxon	skos:closeMatch	bcdm:phylum	phylum	semapv:ManualMappingCuration	2024-03-23	0000-0001-9254-7318	identification	NULL	"ExtractTaxonRank(verbatim_identification, 'phylum')"	0.8	Phylum extracted from identification string	Arthropoda, Chordata
databricks:complex_taxon	complex_taxon	skos:closeMatch	bcdm:class	class	semapv:ManualMappingCuration	2024-03-23	0000-0001-9254-7318	identification	NULL	"ExtractTaxonRank(verbatim_identification, 'class')"	0.8	Class extracted from identification string	Insecta, Mammalia
databricks:complex_taxon	complex_taxon	skos:closeMatch	bcdm:order	order	semapv:ManualMappingCuration	2024-03-23	0000-0001-9254-7318	identification	NULL	"ExtractTaxonRank(verbatim_identification, 'order')"	0.8	Order extracted from identification string	Coleoptera, Primates
databricks:complex_taxon	complex_taxon	skos:closeMatch	bcdm:family	family	semapv:ManualMappingCuration	2024-03-23	0000-0001-9254-7318	identification	NULL	"ExtractTaxonRank(verbatim_identification, 'family')"	0.8	Family extracted from identification string	Carabidae, Hominidae
databricks:complex_taxon	complex_taxon	skos:closeMatch	bcdm:subfamily	subfamily	semapv:ManualMappingCuration	2024-03-23	0000-0001-9254-7318	identification	NULL	"ExtractTaxonRank(verbatim_identification, 'subfamily')"	0.8	Subfamily extracted from identification string	Carabinae, Homininae
databricks:complex_taxon	complex_taxon	skos:closeMatch	bcdm:tribe	tribe	semapv:ManualMappingCuration	2024-03-23	0000-0001-9254-7318	identification	NULL	"ExtractTaxonRank(verbatim_identification, 'tribe')"	0.8	Tribe extracted from identification string	Carabini, Hominini
databricks:complex_taxon	complex_taxon	skos:closeMatch	bcdm:genus	genus	semapv:ManualMappingCuration	2024-03-23	0000-0001-9254-7318	identification	NULL	"ExtractTaxonRank(verbatim_identification, 'genus')"	0.8	Genus extracted from identification string	Carabus, Homo
databricks:complex_taxon	complex_taxon	skos:closeMatch	bcdm:species	species	semapv:ManualMappingCuration	2024-03-23	0000-0001-9254-7318	identification	NULL	"ExtractTaxonRank(verbatim_identification, 'species')"	0.8	Species extracted from identification string	auratus, sapiens
databricks:complex_taxon	complex_taxon	skos:closeMatch	bcdm:subspecies	subspecies	semapv:ManualMappingCuration	2024-03-23	0000-0001-9254-7318	identification	NULL	"ExtractTaxonRank(verbatim_identification, 'subspecies')"	0.8	Subspecies extracted from identification string	auratus honnoratii, sapiens sapiens
databricks:identification.identification_qualifier_species_name	identification_qualifier_species_name	skos:closeMatch	bcdm:identification	identification	semapv:ManualMappingCuration	2024-03-23	0000-0001-9254-7318	identification	NULL	NULL	1.0	Species identification	"Carabus auratus, Homo sapiens"
databricks:identification.type_status	type_status	skos:closeMatch	bcdm:voucher_type	voucher_type	semapv:ManualMappingCuration	2024-03-23	0000-0001-9254-7318	identification	NULL	NULL	0.9	Status of voucher specimen	"Holotype, Paratype"
databricks:material_entity.sex	sex	skos:closeMatch	bcdm:sex	sex	semapv:ManualMappingCuration	2024-03-23	0000-0001-9254-7318	material_entity	NULL	NULL	1.0	Sex of specimen	"Male, Female"
databricks:material_entity.lifestage	lifestage	skos:closeMatch	bcdm:life_stage	life_stage	semapv:ManualMappingCuration	2024-03-23	0000-0001-9254-7318	material_entity	NULL	NULL	1.0	Life stage of specimen	"Adult, Juvenile, Larva"
databricks:material_entity.organism_remarks	organism_remarks	skos:closeMatch	bcdm:short_note	short_note	semapv:ManualMappingCuration	2024-03-23	0000-0001-9254-7318	material_entity	NULL	NULL	0.9	Brief note about the specimen	"damaged wing, gravid female"
databricks:material_entity.occurrence_remarks	occurrence_remarks	skos:closeMatch	bcdm:notes	notes	semapv:ManualMappingCuration	2024-03-23	0000-0001-9254-7318	material_entity	NULL	NULL	0.9	Detailed notes about specimen	"Collected from under bark, behavior observed prior to collection"
databricks:material_entity.synecology_associated_taxon_name	synecology_associated_taxon_name	skos:closeMatch	bcdm:associated_taxa	associated_taxa	semapv:ManualMappingCuration	2024-03-23	0000-0001-9254-7318	material_entity	NULL	"CONCAT('host: ', synecology_associated_taxon_name)"	0.9	Associated taxa	"host: Quercus alba, prey: Spodoptera"
databricks:material_entity.recorded_by	recorded_by	skos:closeMatch	bcdm:collectors	collectors	semapv:ManualMappingCuration	2024-03-23	0000-0001-9254-7318	material_entity	NULL	NULL	1.0	Collector names	"John Smith, Jane Doe"
databricks:material_entity.event_date_start	event_date_start	skos:closeMatch	bcdm:collection_date_start	collection_date_start	semapv:ManualMappingCuration	2024-03-23	0000-0001-9254-7318	material_entity	NULL	NULL	1.0	Start date of collection	2023-06-15
databricks:material_entity.event_date_end	event_date_end	skos:closeMatch	bcdm:collection_date_end	collection_date_end	semapv:ManualMappingCuration	2024-03-23	0000-0001-9254-7318	material_entity	NULL	NULL	1.0	End date of collection	2023-06-20
databricks:material_entity.country	country	skos:closeMatch	bcdm:country/ocean	country/ocean	semapv:ManualMappingCuration	2024-03-23	0000-0001-9254-7318	material_entity	NULL	NULL	1.0	Country or ocean name	"United States, Pacific Ocean"
databricks:material_entity.state_province	state_province	skos:closeMatch	bcdm:province/state	province/state	semapv:ManualMappingCuration	2024-03-23	0000-0001-9254-7318	material_entity	NULL	NULL	1.0	State or province name	"California, Ontario"
databricks:material_entity.locality	locality	skos:closeMatch	bcdm:region	region	semapv:ManualMappingCuration	2024-03-23	0000-0001-9254-7318	material_entity	NULL	NULL	0.9	Region within state/province	"Yosemite National Park, Lake Ontario"
databricks:material_entity.place_name	place_name	skos:closeMatch	bcdm:site	site	semapv:ManualMappingCuration	2024-03-23	0000-0001-9254-7318	material_entity	NULL	NULL	0.9	Specific collection site	"Half Dome Trail, Toronto Harbor"
databricks:material_entity.decimal_latitude,material_entity.decimal_longitude	coordinates	skos:broadMatch	bcdm:coord	coord	semapv:ManualMappingCuration	2024-03-23	0000-0001-9254-7318	material_entity	NULL	"ARRAY(decimal_latitude, decimal_longitude)"	1.0	Coordinates as [lat, long] array	"[37.7749, -122.4194]"
databricks:material_entity.coordinate_uncertainty_in_meters	coordinate_uncertainty_in_meters	skos:closeMatch	bcdm:coord_accuracy	coord_accuracy	semapv:ManualMappingCuration	2024-03-23	0000-0001-9254-7318	material_entity	NULL	NULL	0.9	Accuracy of coordinates in meters	"10, 100"
databricks:material_entity.geodetic_datum	geodetic_datum	skos:closeMatch	bcdm:coord_source	coord_source	semapv:ManualMappingCuration	2024-03-23	0000-0001-9254-7318	material_entity	NULL	NULL	0.8	Source of coordinates	"WGS84, GPS"
databricks:material_entity.minimum_elevation_meters,material_entity.maximum_elevation_meters	elevation_meters	skos:broadMatch	bcdm:elev	elev	semapv:ManualMappingCuration	2024-03-23	0000-0001-9254-7318	material_entity	NULL	"(minimum_elevation_meters + maximum_elevation_meters)/2"	0.9	Average elevation	1500
databricks:material_entity.minimum_depth_meters	minimum_depth_meters	skos:broadMatch	bcdm:depth	depth	semapv:ManualMappingCuration	2024-03-23	0000-0001-9254-7318	material_entity	NULL	NULL	0.9	Depth below water surface	100
databricks:material_entity.habitat	habitat	skos:closeMatch	bcdm:habitat	habitat	semapv:ManualMappingCuration	2024-03-23	0000-0001-9254-7318	material_entity	NULL	NULL	1.0	Habitat description	"Coral reef, montane forest"
databricks:material_entity.sampling_protocol	sampling_protocol	skos:closeMatch	bcdm:sampling_protocol	sampling_protocol	semapv:ManualMappingCuration	2024-03-23	0000-0001-9254-7318	material_entity	NULL	NULL	1.0	Collection method	"Malaise trap, hand collecting"
databricks:consensus_sequence.consensus_sequence	consensus_sequence	skos:closeMatch	bcdm:nuc	nuc	semapv:ManualMappingCuration	2024-03-23	0000-0001-9254-7318	consensus_sequence	NULL	NULL	1.0	Nucleotide sequence	ATGCGTACGTAC
databricks:complex_nuc_basecount	complex_nuc_basecount	skos:closeMatch	bcdm:nuc_basecount	nuc_basecount	semapv:ManualMappingCuration	2024-03-23	0000-0001-9254-7318	consensus_sequence	NULL	"LEN(REGEXP_REPLACE(consensus_sequence, '[^ATGC]', ''))"	0.9	Count of non-degenerate bases	652
databricks:sequencing_run.title	title	skos:closeMatch	bcdm:sequence_run_site	sequence_run_site	semapv:ManualMappingCuration	2024-03-23	0000-0001-9254-7318	sequencing_run	"sequencing_run JOIN amplicon ON sequencing_run.sequencing_run_id = amplicon.sequencing_run_id"	NULL	0.8	Site where sequencing was performed	"GenBank, Smithsonian Lab"
databricks:sequencing_run.inserted_ts_utc	inserted_ts_utc	skos:closeMatch	bcdm:sequence_upload_date	sequence_upload_date	semapv:ManualMappingCuration	2024-03-23	0000-0001-9254-7318	sequencing_run	"sequencing_run JOIN amplicon ON sequencing_run.sequencing_run_id = amplicon.sequencing_run_id"	"TO_CHAR(inserted_ts_utc, 'YYYY-MM-DD')"	0.9	Date sequence was uploaded	2023-03-15
databricks:sequencing_run.project_name	project_name	skos:closeMatch	bcdm:recordset_code_arr	recordset_code_arr	semapv:ManualMappingCuration	2024-03-23	0000-0001-9254-7318	sequencing_run	"sequencing_run JOIN amplicon ON sequencing_run.sequencing_run_id = amplicon.sequencing_run_id"	NULL	0.9	Project code	"GENFLY, LEPXP"
databricks:amplicon.marker	marker	skos:closeMatch	bcdm:marker_code	marker_code	semapv:ManualMappingCuration	2024-03-23	0000-0001-9254-7318	amplicon	NULL	NULL	1.0	Genetic marker code	"COI, 16S, ITS"
databricks:complex_primers	complex_primers	skos:broadMatch	bcdm:primers_forward	primers_forward	semapv:ManualMappingCuration	2024-03-23	0000-0001-9254-7318	amplicon	NULL	"CONCAT(prime_name_forward, ':', 'SEQUENCE')"	0.8	Forward primer	"LCO1490:GGTCAACAAATCATAAAGATATTGG"
databricks:complex_primers	complex_primers	skos:broadMatch	bcdm:primers_reverse	primers_reverse	semapv:ManualMappingCuration	2024-03-23	0000-0001-9254-7318	amplicon	NULL	"CONCAT(prime_name_reverse, ':', 'SEQUENCE')"	0.8	Reverse primer	"HCO2198:TAAACTTCAGGGTGACCAAAAAATCA"
databricks:complex_associated_specimens	complex_associated_specimens	skos:closeMatch	bcdm:associated_specimens	associated_specimens	semapv:ManualMappingCuration	2024-03-23	0000-0001-9254-7318	material_entity	"material_entity LEFT JOIN additional_number ON material_entity.material_entity_golden_id = additional_number.material_entity_golden_id"	"CASE WHEN number_type = 'associated_specimen' THEN CONCAT('host: ', number_value) END"	0.8	Associated specimen IDs	"host: USNM123457, prey: USNM123458"

